supplier_id,supplier_name,supplier_address,product_id
1,Otha,2802 Cottonwood Parkway,1
2,Paule,5 Chinook Parkway,2
3,Gerardo,268 Emmet Lane,3
4,Rebecca,66 Esch Center,4
5,Charla,89 Ronald Regan Park,5
6,Hatti,86 Vera Place,6
7,Dulsea,88190 Loftsgordon Road,7
8,Courtnay,762 International Lane,8
9,Ashby,9 Mayfield Junction,9
10,Kamillah,4 Marcy Way,10
11,Roland,605 Lotheville Lane,11
12,Skye,25756 Artisan Parkway,12
13,Orsola,5393 Armistice Alley,13
14,Sharity,074 Dunning Plaza,14
15,Darrell,3 Hazelcrest Crossing,15
16,Hiram,773 Tomscot Pass,16
17,Marjy,6 Manitowish Junction,17
18,Mychal,04822 Moland Way,18
19,Jake,7 Redwing Trail,19
20,Vallie,53216 Dottie Alley,20
21,Clarisse,163 Blackbird Parkway,21
22,Faulkner,19103 Magdeline Crossing,22
23,Roslyn,981 Elgar Junction,23
24,Nealy,63273 Gulseth Park,24
25,Thorin,81 Northwestern Crossing,25
26,Margarita,05865 Hovde Terrace,26
27,Inglis,21 Melody Place,27
28,Robinet,80361 Roth Terrace,28
29,Benn,02 Grim Circle,29
30,Davidde,43213 Forest Way,30
31,Evelin,172 Porter Point,31
32,Avram,7220 Kim Street,32
33,Alvira,9289 Canary Lane,33
34,Barnard,8 Elgar Park,34
35,Huntington,8559 Crescent Oaks Court,35
36,Kellby,42390 Pawling Court,36
37,Rea,85075 Dapin Drive,37
38,Franz,5320 Westridge Drive,38
39,Denna,5 Arkansas Drive,39
40,Bridget,41814 Lien Road,40
41,Jeralee,7381 Maywood Alley,41
42,Liliane,42 David Circle,42
43,Jobi,6 Grim Parkway,43
44,Korry,62534 Johnson Circle,44
45,Sinclare,7 Village Place,45
46,Olivero,76732 Hanover Park,46
47,Renie,3078 Hollow Ridge Circle,47
48,Kelcie,9382 Pankratz Alley,48
49,Onida,83636 Acker Junction,49
50,Lindi,52 Kropf Crossing,50
51,Bren,263 Forest Dale Street,51
52,Doe,460 Prairie Rose Terrace,52
53,Ilene,80 Vermont Crossing,53
54,Germayne,5 Gulseth Park,54
55,Marigold,10039 Debra Avenue,55
56,Jamaal,33 Londonderry Way,56
57,Astrid,07 Fairview Crossing,57
58,Bevon,36 Jackson Crossing,58
59,Karney,2377 Orin Alley,59
60,Sallyanne,2 Armistice Park,60
61,Jeniffer,2993 New Castle Terrace,61
62,Melly,64550 Anderson Place,62
63,Giffer,9 Arrowood Way,63
64,Adriana,0 Corben Park,64
65,Robbin,93 Raven Alley,65
66,Kylie,73809 Sutteridge Terrace,66
67,Daphna,85 Lighthouse Bay Park,67
68,Hinda,395 Butterfield Trail,68
69,Luce,09 Bayside Street,69
70,Peggi,9135 Hermina Street,70
71,Jard,0306 Jenifer Trail,71
72,Nixie,0 Redwing Way,72
73,Daile,966 Browning Terrace,73
74,Grazia,38646 Amoth Park,74
75,Zebulen,92 Melby Avenue,75
76,Davidde,2 Katie Alley,76
77,Dermot,03 Vermont Junction,77
78,Lesli,8 Cody Crossing,78
79,Orelle,0035 Fair Oaks Trail,79
80,Bertrando,22 Carberry Circle,80
81,Yvonne,7505 Tennessee Park,81
82,Ludovika,840 Kedzie Alley,82
83,Courtnay,83917 Union Center,83
84,Cathlene,3 Heath Park,84
85,Roosevelt,522 Westridge Park,85
86,Jessi,1 Merchant Junction,86
87,Stewart,3 Algoma Park,87
88,Wayland,6556 Forster Junction,88
89,Reinaldo,59453 Independence Trail,89
90,Jennica,04 Farmco Crossing,90
91,Leigha,3646 Atwood Drive,91
92,Ronalda,2 Upham Drive,92
93,Cletus,3 Lunder Lane,93
94,Reinaldo,29 Melvin Trail,94
95,Cobb,10 Swallow Crossing,95
96,Genevieve,6 Mifflin Road,96
97,Jo-anne,22 Union Pass,97
98,Mervin,4 Main Drive,98
99,Euphemia,3563 Algoma Drive,99
100,Fletcher,1907 Lerdahl Pass,100
101,Gaynor,91 Sachtjen Junction,101
102,Colin,042 School Hill,102
103,Ruddie,85 Spaight Trail,103
104,Cornie,552 Butternut Alley,104
105,Lorianna,3 Northridge Circle,105
106,Cale,2 Towne Center,106
107,Kittie,85 High Crossing Pass,107
108,Pedro,1838 Larry Trail,108
109,Yehudi,0335 Magdeline Trail,109
110,Silvano,317 Fair Oaks Alley,110
111,Kizzie,72429 Lyons Street,111
112,Nance,24 Bartillon Terrace,112
113,Pepillo,74357 Logan Way,113
114,Gilli,4755 Grover Terrace,114
115,Kalinda,7 Lakewood Gardens Center,115
116,Courtnay,80475 Linden Lane,116
117,Ranna,647 Bunting Court,117
118,Chevy,146 Maple Wood Avenue,118
119,De,05941 Mandrake Trail,119
120,Odelia,5373 Monument Circle,120
121,Todd,7772 Transport Lane,121
122,Scarlett,91 Lakewood Gardens Terrace,122
123,Rufus,2 Golf Parkway,123
124,Jayne,9 Gerald Hill,124
125,Gaven,81 Mcbride Parkway,125
126,Natal,32547 Glacier Hill Lane,126
127,Frants,96 Kinsman Street,127
128,Dal,1066 Helena Park,128
129,Gwynne,51 Briar Crest Place,129
130,Teddie,58 Sutteridge Hill,130
131,Merlina,42164 Marquette Road,131
132,Ardella,787 Caliangt Road,132
133,Noach,8698 Clemons Center,133
134,Creight,267 Clyde Gallagher Crossing,134
135,Turner,216 Moose Drive,135
136,Aurora,13640 Cambridge Way,136
137,Madlin,3 Eastlawn Park,137
138,Perry,419 Stone Corner Alley,138
139,Bevvy,28 Surrey Street,139
140,Amory,26 Magdeline Center,140
141,Evered,35 Brentwood Place,141
142,Raven,08856 Gateway Lane,142
143,El,371 Kipling Trail,143
144,Frants,6322 Anhalt Point,144
145,Cole,64 Nevada Trail,145
146,Cyrill,20506 Riverside Crossing,146
147,Barbi,334 Sutherland Place,147
148,Waldo,8 Mcguire Parkway,148
149,Claire,2 Monterey Circle,149
150,Adore,490 Montana Alley,150
151,Kendall,08681 Elka Road,151
152,Ives,3 Bartillon Pass,152
153,Bobbette,16880 Towne Hill,153
154,Ibrahim,27 Forest Run Hill,154
155,Enrica,66411 Warner Plaza,155
156,Stearn,52751 International Court,156
157,Bryana,64 Upham Way,157
158,Lishe,77372 Lyons Pass,158
159,Rollo,6 Iowa Park,159
160,Waverly,2 School Alley,160
161,Lawrence,9100 Hollow Ridge Road,161
162,Amandy,33467 Farragut Point,162
163,Monroe,5 Shoshone Parkway,163
164,Renard,17 Laurel Court,164
165,Michal,58743 Alpine Lane,165
166,Glory,351 Graceland Drive,166
167,Tamarah,58 Ruskin Plaza,167
168,Estrella,4 Rowland Avenue,168
169,Alecia,86 Melrose Street,169
170,Basil,07200 Miller Center,170
171,Brooks,4 Swallow Circle,171
172,Valdemar,70697 Warrior Crossing,172
173,Anya,09718 Goodland Plaza,173
174,Brandie,45 Menomonie Road,174
175,Marianna,52 Meadow Valley Place,175
176,Elli,7 Lyons Junction,176
177,Vivianna,30820 Beilfuss Center,177
178,Errol,754 Stoughton Lane,178
179,Napoleon,0901 Ruskin Road,179
180,Coleman,801 Colorado Court,180
181,Phip,9510 Melvin Lane,181
182,Winny,496 Anzinger Place,182
183,Yard,024 Canary Trail,183
184,Shaine,30388 Corry Circle,184
185,Gard,6960 Luster Crossing,185
186,Rosabelle,55229 Caliangt Park,186
187,Eleni,118 International Place,187
188,Wallis,3 Springview Road,188
189,Danette,33 Clyde Gallagher Point,189
190,Dalis,5 Mockingbird Drive,190
191,Jenn,74695 Delaware Hill,191
192,Hillel,9 Fordem Point,192
193,Jeannie,364 Miller Drive,193
194,Ana,353 Butterfield Parkway,194
195,Angy,019 Fisk Alley,195
196,Parrnell,0278 Bowman Junction,196
197,Averill,244 Green Ridge Junction,197
198,Lezlie,8 Larry Circle,198
199,Myrtie,1284 Carberry Center,199
200,Dolli,852 Rieder Circle,200
201,Berry,3 Toban Road,201
202,Leontyne,8 Anhalt Street,202
203,Cammi,9 Reindahl Parkway,203
204,Beck,0674 Mandrake Junction,204
205,Ashly,7 Sloan Crossing,205
206,Forster,73211 Sutherland Drive,206
207,Josepha,1862 Graedel Pass,207
208,Roxi,972 Manufacturers Park,208
209,Paten,1727 Logan Parkway,209
210,Matteo,1350 Stephen Court,210
211,Ginelle,7216 Carpenter Street,211
212,Gregoire,4003 Lukken Lane,212
213,Burlie,60771 Crowley Way,213
214,Joanna,040 Northport Terrace,214
215,Tilly,55218 Annamark Lane,215
216,Bondon,72 Columbus Pass,216
217,Corty,27 Dahle Alley,217
218,Regan,58486 Troy Trail,218
219,Patsy,30 Melody Court,219
220,Louie,1295 Maywood Hill,220
221,Anna-diane,35011 Park Meadow Crossing,221
222,Evaleen,3 Fordem Street,222
223,Edd,68362 Straubel Lane,223
224,Merissa,79093 Fieldstone Terrace,224
225,Terra,90315 Monica Trail,225
226,Sandy,59 Lukken Center,226
227,Prince,1064 Forest Dale Court,227
228,Thorvald,2 Jana Point,228
229,Terence,2 La Follette Center,229
230,Roman,20 Arapahoe Circle,230
231,Sascha,22829 Bashford Junction,231
232,Sibeal,699 Hagan Hill,232
233,Ring,9391 John Wall Crossing,233
234,Rory,42 Stone Corner Parkway,234
235,Ivory,79626 1st Crossing,235
236,Carlee,96 Mandrake Court,236
237,Hugh,4900 Graedel Court,237
238,Abigale,4663 Shopko Way,238
239,Gayle,0223 Anniversary Parkway,239
240,Emylee,99344 Lakewood Gardens Hill,240
241,Kendra,722 Dorton Drive,241
242,Eve,6 Summerview Avenue,242
243,Sly,18646 Lotheville Crossing,243
244,Rudolph,879 Almo Terrace,244
245,Giacopo,40369 Laurel Plaza,245
246,Nell,4 Artisan Pass,246
247,Zollie,3530 Jay Plaza,247
248,Violet,0875 Eastwood Center,248
249,Iain,88089 Claremont Crossing,249
250,Dedie,4161 Brown Junction,250
251,Marilyn,8099 South Circle,251
252,Pietra,9826 Acker Hill,252
253,Lolly,05734 Fairfield Court,253
254,Cosmo,72 Cottonwood Circle,254
255,Timmy,8 Northland Road,255
256,Quintus,230 Warrior Alley,256
257,Audrie,46 6th Crossing,257
258,Nikolas,53 Valley Edge Circle,258
259,Felicdad,0 Anzinger Parkway,259
260,Diane,30 Lighthouse Bay Court,260
261,Timmie,726 Artisan Alley,261
262,Tawsha,754 Artisan Point,262
263,Veronika,33918 Bunting Street,263
264,Helga,47 Sloan Court,264
265,Charmane,6445 Welch Crossing,265
266,Lorens,95 Montana Circle,266
267,Horacio,13 Schmedeman Plaza,267
268,Luther,3476 Monica Avenue,268
269,Micki,5 Jana Trail,269
270,Almeta,777 Sachs Way,270
271,Tori,57 Mayer Circle,271
272,Sampson,737 Dapin Road,272
273,Evanne,17787 Duke Plaza,273
274,Amata,0 Messerschmidt Center,274
275,Shelly,65 Grayhawk Pass,275
276,Astrid,681 Evergreen Plaza,276
277,Kirby,037 Schurz Plaza,277
278,Doro,89 Pepper Wood Terrace,278
279,Nan,204 Forest Run Junction,279
280,Sharlene,11077 4th Center,280
281,Harley,8 Macpherson Alley,281
282,Lyssa,4 Schiller Junction,282
283,Stafford,218 Gale Hill,283
284,Jannelle,48 Garrison Place,284
285,Arv,377 Vera Court,285
286,Rhianna,6938 Gateway Alley,286
287,Linea,02 Straubel Parkway,287
288,Belita,79386 Bunker Hill Avenue,288
289,Legra,301 Oak Parkway,289
290,Lazare,85 Pearson Drive,290
291,Jermaine,40 Coleman Street,291
292,Mordy,0673 Alpine Place,292
293,Jany,8 Del Sol Center,293
294,Craggy,2900 Blaine Avenue,294
295,Kariotta,688 Fuller Place,295
296,Sayers,853 Holmberg Crossing,296
297,Jewelle,6 Lukken Junction,297
298,Bailie,770 Warner Terrace,298
299,Arri,0 Buhler Trail,299
300,Bennett,76397 Chinook Street,300
301,Homere,72800 Autumn Leaf Court,301
302,Ryun,46775 Victoria Lane,302
303,Gearard,582 Atwood Center,303
304,Darb,8 Steensland Hill,304
305,Nolana,20521 Mifflin Pass,305
306,Adrian,1 School Point,306
307,Starlene,3434 Birchwood Crossing,307
308,Faustina,13 Hermina Parkway,308
309,Bernetta,297 Ludington Avenue,309
310,Clerissa,8 Hintze Place,310
311,Christie,2433 Havey Crossing,311
312,Elizabeth,4 Wayridge Circle,312
313,Clarabelle,03 Dapin Alley,313
314,Derry,50 Autumn Leaf Plaza,314
315,Nesta,02066 Miller Street,315
316,Aidan,9 Del Sol Crossing,316
317,Oona,91 Bobwhite Court,317
318,Free,925 Pawling Plaza,318
319,Leoline,822 Kensington Road,319
320,Erica,61340 Norway Maple Pass,320
321,Emmi,95 Ramsey Alley,321
322,Sheffie,89083 Fairview Hill,322
323,Sonnie,09757 Service Hill,323
324,Timmy,94 Sunfield Place,324
325,Zebulen,25331 Russell Park,325
326,Gennie,221 Hazelcrest Junction,326
327,Rodi,3661 7th Crossing,327
328,Elbertina,073 Cordelia Trail,328
329,Josh,16322 Katie Drive,329
330,Chanda,2 Starling Junction,330
331,Stesha,68 Arizona Way,331
332,Webb,11 Declaration Drive,332
333,Kellsie,20 Butternut Center,333
334,Raina,3735 Sundown Place,334
335,Janine,09620 Hoard Road,335
336,Ashlan,4 Cascade Alley,336
337,Carolan,29973 Stuart Center,337
338,Michaella,5285 Brentwood Parkway,338
339,Sterne,349 Jana Point,339
340,Slade,43 Ruskin Crossing,340
341,Babs,7082 Mifflin Way,341
342,Elsi,53 Cambridge Park,342
343,Lauretta,16367 Anderson Junction,343
344,Shane,561 Gale Road,344
345,Sophia,18 Comanche Alley,345
346,Annalise,39721 Cascade Center,346
347,Leeann,7 American Point,347
348,Patrice,404 Rieder Way,348
349,Bart,48 1st Drive,349
350,Alisander,612 Laurel Drive,350
351,Tarah,00287 7th Point,351
352,Benedikt,0393 Oriole Center,352
353,Cobb,12945 Barby Junction,353
354,Hercule,5 Scott Junction,354
355,Marcello,8355 Southridge Circle,355
356,Joshuah,5 Kingsford Place,356
357,Trefor,523 Melvin Street,357
358,Adora,67 Nelson Center,358
359,Trumaine,0835 Springs Terrace,359
360,Inigo,0745 Sycamore Road,360
361,Allegra,24 Kim Circle,361
362,Nehemiah,51022 Ridgeway Circle,362
363,Sam,8 Kingsford Terrace,363
364,Madelyn,0 Elmside Avenue,364
365,Benetta,48 Ridgeview Drive,365
366,Oriana,630 Moulton Point,366
367,Mariska,131 Bunker Hill Street,367
368,Kirby,7167 Randy Terrace,368
369,Jorry,42861 8th Junction,369
370,Joellyn,20764 Sugar Pass,370
371,Tanya,4088 Clove Road,371
372,Carri,0137 Crownhardt Terrace,372
373,Doro,52842 Grasskamp Junction,373
374,Ondrea,74 Ronald Regan Lane,374
375,Marshal,007 Mayfield Road,375
376,Aleen,282 Harbort Trail,376
377,Daven,58444 Fairview Crossing,377
378,Lucita,2596 Russell Junction,378
379,Ruthe,47 Ludington Way,379
380,Nathaniel,21858 Sloan Center,380
381,Elmira,64 Del Mar Pass,381
382,Taber,59489 Melrose Road,382
383,Lynne,67 Ramsey Court,383
384,Giulietta,9 Orin Drive,384
385,Natalya,93 Victoria Park,385
386,Robin,658 Fisk Court,386
387,Didi,26921 Pawling Road,387
388,Keriann,663 Roxbury Alley,388
389,Codie,30206 Packers Alley,389
390,Peria,88910 Arapahoe Crossing,390
391,Chaddy,46 Stone Corner Circle,391
392,Montague,4988 Cottonwood Drive,392
393,Zuzana,0 Westerfield Plaza,393
394,Ferdinanda,40542 Forest Run Lane,394
395,Boycie,01 4th Point,395
396,Celestine,74486 Schmedeman Alley,396
397,Jerald,8870 Vermont Plaza,397
398,Roby,66800 Leroy Alley,398
399,Phil,3 International Court,399
400,Melamie,10 Ohio Street,400
401,Marcellina,27 Lakewood Pass,401
402,Mala,691 Almo Plaza,402
403,Estele,0106 Delaware Way,403
404,Ragnar,78 Iowa Center,404
405,Philomena,197 Moulton Avenue,405
406,Regen,943 Farragut Park,406
407,Tuesday,22 Mosinee Terrace,407
408,Heinrick,848 Haas Way,408
409,Pip,1784 Porter Circle,409
410,Timoteo,1242 Lotheville Crossing,410
411,Clementius,6 Randy Hill,411
412,Sasha,465 Judy Place,412
413,Cullen,644 Coleman Street,413
414,Fina,590 Johnson Trail,414
415,Gerick,414 8th Parkway,415
416,Marabel,7 Linden Junction,416
417,Stephan,966 Tony Terrace,417
418,Sonny,630 Susan Center,418
419,Marianne,13 West Road,419
420,Codee,1445 Dryden Center,420
421,Malissa,473 Fair Oaks Alley,421
422,Cherice,6 Old Shore Parkway,422
423,Mattheus,233 Doe Crossing Alley,423
424,Loydie,0 Warrior Way,424
425,Ricki,809 Crownhardt Trail,425
426,Ramona,24056 Maple Center,426
427,Pinchas,057 Talisman Parkway,427
428,Loleta,7 Mayer Terrace,428
429,Rosaline,98 Stoughton Junction,429
430,Margalo,74467 Scoville Terrace,430
431,Nadia,319 Summer Ridge Circle,431
432,Fredric,33 Stephen Place,432
433,Milka,88 Caliangt Alley,433
434,Webb,23 Pierstorff Pass,434
435,Emmy,1700 Del Mar Drive,435
436,Deloris,7 Lake View Place,436
437,Gabie,21 Artisan Park,437
438,Micah,256 Mesta Trail,438
439,Aubrey,943 New Castle Way,439
440,Carey,72 Sauthoff Place,440
441,Mariya,7 Mesta Point,441
442,Cosme,961 Talmadge Pass,442
443,Bronson,69 Ridgeview Road,443
444,Kaylil,99409 Roth Hill,444
445,Clotilda,9 Karstens Street,445
446,Helenka,6 Steensland Park,446
447,Mylo,948 Arrowood Center,447
448,Massimiliano,67787 Morrow Center,448
449,Arabella,4 Cambridge Alley,449
450,Lissa,2053 Mayfield Crossing,450
451,Vale,4 Chive Alley,451
452,Janetta,19924 Di Loreto Court,452
453,Roderigo,2936 Warner Trail,453
454,Garrett,78091 Morningstar Park,454
455,Sophronia,42963 David Pass,455
456,Davin,633 Logan Trail,456
457,Leandra,164 Clarendon Pass,457
458,Paulie,4109 Walton Avenue,458
459,Fawnia,365 Northwestern Point,459
460,Thorndike,3 Washington Place,460
461,Opal,6 Ilene Pass,461
462,Wadsworth,03993 Barby Center,462
463,Kai,6527 Charing Cross Hill,463
464,Ashli,3881 Rowland Trail,464
465,Shara,244 Nobel Center,465
466,Nadeen,49158 Hermina Terrace,466
467,Kittie,61 Blue Bill Park Pass,467
468,Giacomo,9506 Pearson Court,468
469,Haslett,1616 Lakeland Road,469
470,Analise,62 East Court,470
471,Ricard,90 Ludington Lane,471
472,Andriette,0 Sunbrook Crossing,472
473,Nady,32242 Dapin Center,473
474,Felizio,4 Knutson Lane,474
475,Lindsy,9019 Iowa Street,475
476,Martita,501 Fremont Road,476
477,Eudora,8 Truax Center,477
478,Kurtis,05576 Dakota Alley,478
479,Carmina,3 Monica Point,479
480,Lanie,46 Northridge Road,480
481,Heindrick,61927 Melrose Center,481
482,Rosalia,4025 Del Mar Point,482
483,Genovera,68 Linden Park,483
484,Benjie,40 Crest Line Street,484
485,Gwendolyn,86 Corben Plaza,485
486,Susan,03 Springs Avenue,486
487,Violetta,0 Talisman Plaza,487
488,Lynnell,8 Thompson Park,488
489,Pail,26 Steensland Road,489
490,Chrissie,6263 Warrior Pass,490
491,Hugues,47586 Arrowood Court,491
492,Patsy,6703 Tomscot Hill,492
493,Halimeda,2155 Chinook Hill,493
494,Rodolphe,2 High Crossing Crossing,494
495,Coralie,77823 Village Green Alley,495
496,Henriette,8 Leroy Parkway,496
497,Darlene,38630 Main Hill,497
498,Halsey,79197 Village Street,498
499,Ericha,300 Talisman Drive,499
500,Yorgos,9 4th Lane,500
501,Basile,9967 Nancy Avenue,501
502,Noble,454 Aberg Point,502
503,Calv,24 Esker Center,503
504,Adham,64507 Northridge Way,504
505,Briano,25100 Nevada Way,505
506,Phillis,7492 Eastwood Trail,506
507,Tildie,65337 Vernon Plaza,507
508,Tabb,03 Roxbury Avenue,508
509,Bernete,342 Troy Street,509
510,Juliana,88487 Utah Trail,510
511,Shermie,2 Rowland Avenue,511
512,Ibbie,68852 Green Court,512
513,Peg,35 Clemons Park,513
514,Collie,69873 Butternut Plaza,514
515,Doro,98 East Drive,515
516,Irwinn,4849 Harbort Park,516
517,Teena,97407 Transport Place,517
518,Myer,98218 Debra Drive,518
519,Obie,5 Butterfield Pass,519
520,Emeline,131 Vera Place,520
521,Beltran,7 Meadow Vale Place,521
522,Gretal,214 Beilfuss Plaza,522
523,Wallie,88907 Anhalt Center,523
524,Nikki,9 Hoffman Alley,524
525,Arda,4 Blackbird Center,525
526,Hadlee,34099 Troy Plaza,526
527,Renado,91251 Glendale Plaza,527
528,Melodee,5 Buhler Parkway,528
529,Erminia,4 Memorial Street,529
530,Margaretta,9 Dorton Avenue,530
531,Amos,569 Namekagon Circle,531
532,Isabel,9 Northridge Avenue,532
533,Roxane,840 Waywood Hill,533
534,Whitney,839 Green Ridge Plaza,534
535,Ianthe,99028 Oriole Road,535
536,Winni,3501 Bowman Circle,536
537,Ivie,2773 Reinke Street,537
538,Esmaria,1 Sutteridge Point,538
539,Waly,316 Nelson Alley,539
540,Yves,729 Parkside Street,540
541,Fancy,279 Ludington Parkway,541
542,Nolie,7856 Pierstorff Drive,542
543,Candace,345 Boyd Place,543
544,Jacinda,8 Garrison Terrace,544
545,Dieter,28 Clarendon Hill,545
546,Allistir,63 Eastlawn Hill,546
547,Morgan,872 Mosinee Crossing,547
548,Ronny,448 Forest Dale Crossing,548
549,Audre,9432 Acker Street,549
550,Jorgan,6832 Pearson Pass,550
551,Rabi,5605 Lotheville Court,551
552,Hubert,94 International Way,552
553,Xenia,6 Green Place,553
554,Gillan,85349 Huxley Place,554
555,Emyle,873 Linden Junction,555
556,Oriana,912 Fremont Park,556
557,Agnese,55 Kipling Parkway,557
558,Gideon,3566 Hanson Avenue,558
559,Owen,22231 Hanson Crossing,559
560,Dorothee,46516 Anhalt Junction,560
561,Percival,1768 Grover Drive,561
562,Ode,7557 Utah Parkway,562
563,Man,820 Monument Avenue,563
564,Findlay,4052 Florence Hill,564
565,Bettine,80180 Moulton Center,565
566,Tan,4156 Aberg Terrace,566
567,Bentley,441 Annamark Pass,567
568,Charles,35 Sauthoff Alley,568
569,Mel,8 Montana Terrace,569
570,Frannie,20477 Merrick Point,570
571,Danette,7 Victoria Trail,571
572,Paten,48 Welch Place,572
573,Earl,27760 Becker Circle,573
574,Dallon,5 Reindahl Street,574
575,Franzen,3178 Anthes Hill,575
576,Ethe,7 Northport Hill,576
577,Ulric,89 Fieldstone Parkway,577
578,Mariann,6 Portage Place,578
579,Melany,12776 Coolidge Road,579
580,Leshia,5 Steensland Parkway,580
581,Jabez,1788 Blackbird Trail,581
582,Brandy,13969 Reindahl Lane,582
583,Mavra,36621 Sutteridge Trail,583
584,Raymund,10706 Buhler Drive,584
585,Elga,781 Transport Avenue,585
586,Rafaela,03055 Dakota Hill,586
587,Gillian,81193 Londonderry Hill,587
588,Conway,0033 Tennyson Alley,588
589,Dulci,2 Eagle Crest Crossing,589
590,Abagael,62 Boyd Avenue,590
591,Selia,4 Daystar Trail,591
592,Willy,741 Blaine Court,592
593,Packston,9 Straubel Park,593
594,Erroll,89730 Cottonwood Street,594
595,Eirena,99 Delladonna Drive,595
596,Odelinda,094 3rd Plaza,596
597,Moses,293 Kedzie Street,597
598,Tadeas,49 Bunting Pass,598
599,Free,612 Veith Plaza,599
600,Rudolph,21072 Tennessee Hill,600
601,Tibold,9856 Lake View Plaza,601
602,Diana,316 Mifflin Lane,602
603,Aurel,0874 Quincy Way,603
604,Debera,897 Badeau Alley,604
605,Ingeborg,51336 Maywood Lane,605
606,Perl,30 Pennsylvania Trail,606
607,Jerrie,1272 Clyde Gallagher Trail,607
608,Archer,192 Morrow Hill,608
609,Darrin,9 Havey Plaza,609
610,Corey,7 Golf Course Point,610
611,Lazare,4639 Golf Course Circle,611
612,Dori,72003 Mandrake Circle,612
613,Piggy,1868 Forster Way,613
614,Waverly,00 Michigan Court,614
615,Tarra,2788 Lake View Crossing,615
616,Deb,8983 Crownhardt Crossing,616
617,Giordano,12 Schlimgen Lane,617
618,Vito,9179 Talisman Avenue,618
619,Rosina,03 Grasskamp Court,619
620,Alisa,62 Hollow Ridge Hill,620
621,Theresa,86 Annamark Road,621
622,Allayne,17 Crowley Way,622
623,Siffre,7905 Swallow Road,623
624,Yasmin,47185 Sheridan Court,624
625,Minetta,67 Moland Trail,625
626,Michaelina,74 Corry Park,626
627,Zara,1 Mallard Parkway,627
628,Tabbie,7 Holmberg Avenue,628
629,Flynn,4 Hauk Junction,629
630,Codi,30 Stuart Drive,630
631,Derk,8523 Donald Parkway,631
632,Wiley,58 Judy Trail,632
633,Marline,5 Forest Dale Hill,633
634,Kristien,99 Onsgard Point,634
635,Jodi,00500 Rigney Road,635
636,Shelli,778 Green Place,636
637,Maurice,410 Merrick Junction,637
638,Bethina,14637 Mariners Cove Street,638
639,Debi,92837 Sunbrook Terrace,639
640,Read,05 Rowland Junction,640
641,Sabra,3102 Esker Road,641
642,Iolande,65272 Kings Park,642
643,Adina,76913 Pearson Circle,643
644,Giff,143 Sunnyside Pass,644
645,Edna,492 Schurz Street,645
646,Chad,92048 Di Loreto Lane,646
647,Dolph,5 Little Fleur Court,647
648,Rodrique,518 Vidon Avenue,648
649,Ardis,44 Harbort Circle,649
650,Kial,7062 Clarendon Trail,650
651,Isidor,99 Charing Cross Circle,651
652,Cynthy,3 Truax Parkway,652
653,Rayner,30399 Dottie Plaza,653
654,Hillyer,3 Bultman Hill,654
655,Cynde,77 Shoshone Road,655
656,Waring,72910 Mariners Cove Street,656
657,Verine,06830 Bellgrove Trail,657
658,Kassie,23989 Gateway Circle,658
659,Wain,94777 Susan Road,659
660,Kristos,91385 Lillian Point,660
661,Aubrey,044 Del Mar Plaza,661
662,Ainslie,2462 Sycamore Way,662
663,Sean,616 Londonderry Street,663
664,Adiana,9 Bellgrove Plaza,664
665,Nertie,26 Meadow Ridge Way,665
666,Bobbe,5160 Blackbird Road,666
667,Melinde,35 Maryland Trail,667
668,Lola,92929 7th Terrace,668
669,Cordie,08 Dahle Crossing,669
670,Gnni,55 Division Court,670
671,Colene,2148 Kenwood Crossing,671
672,Timofei,78 Kropf Hill,672
673,Rosalyn,175 Bluejay Pass,673
674,Winifred,85 Sunbrook Circle,674
675,Ailee,99507 Talmadge Pass,675
676,Maddi,185 Northport Circle,676
677,Lyon,8 Stuart Drive,677
678,Kati,296 Moulton Trail,678
679,Lily,53339 Dunning Drive,679
680,Selby,35 Jay Trail,680
681,Dagny,2 Fremont Drive,681
682,Berte,3482 Elka Drive,682
683,Tess,4 Hooker Lane,683
684,Trudie,8068 Crest Line Trail,684
685,Letizia,238 Bartillon Junction,685
686,Briney,41 Moland Place,686
687,Caryl,334 Acker Plaza,687
688,Eli,269 Jenifer Point,688
689,George,92048 Nevada Circle,689
690,Maddie,8 Judy Avenue,690
691,George,95 Oak Valley Park,691
692,Irvin,461 Magdeline Plaza,692
693,Xena,7 Springview Hill,693
694,Quill,9614 Pawling Drive,694
695,Arnie,482 Sutherland Crossing,695
696,Arabele,872 Charing Cross Trail,696
697,Bink,09774 Lake View Avenue,697
698,Dud,0 Union Place,698
699,Leopold,8 Eastlawn Drive,699
700,Jarid,5553 Cordelia Hill,700
701,Emmery,41 Colorado Park,701
702,Susana,21 Hermina Alley,702
703,Monte,5 Del Sol Trail,703
704,Levey,3 Helena Trail,704
705,Marcela,9 Gina Park,705
706,Obed,34 Becker Crossing,706
707,Ferdinand,96177 Ronald Regan Lane,707
708,Ronna,91 Pepper Wood Street,708
709,Veradis,172 Luster Parkway,709
710,Maryellen,9565 Tennessee Parkway,710
711,Astrix,874 Rusk Lane,711
712,Ronnie,253 Pleasure Circle,712
713,Cullan,23 Mcbride Avenue,713
714,Maren,291 Spenser Parkway,714
715,Merrie,81655 Dottie Parkway,715
716,Emlyn,64833 Delladonna Hill,716
717,Cheslie,20 Mitchell Pass,717
718,Yetta,37 Namekagon Place,718
719,Robena,740 Union Court,719
720,Yuma,376 Sunbrook Crossing,720
721,Kara-lynn,15 Thierer Way,721
722,Caren,57246 Monument Drive,722
723,Cosetta,968 Vernon Court,723
724,Haskel,15827 Mesta Trail,724
725,Elsa,7 Debs Crossing,725
726,Shanda,272 La Follette Court,726
727,Ynes,64979 Rowland Hill,727
728,Whitney,13 Manitowish Junction,728
729,Bibby,7418 Hanson Crossing,729
730,Sebastien,58 Old Gate Park,730
731,Genvieve,95585 Clarendon Street,731
732,Allissa,0389 Bayside Center,732
733,Giacomo,12595 2nd Way,733
734,Patric,86 Ryan Point,734
735,Hollis,2994 Killdeer Trail,735
736,Binky,229 Waywood Drive,736
737,Artus,221 Coleman Point,737
738,Zorina,665 Harbort Trail,738
739,Jackie,437 Westridge Circle,739
740,Jarid,4 Stone Corner Crossing,740
741,Maxie,0685 Rockefeller Lane,741
742,Lamar,11614 Morrow Court,742
743,Rivkah,120 Prairieview Road,743
744,Bartholemy,04641 North Alley,744
745,Zonda,13638 Leroy Court,745
746,Moina,16 Hoepker Alley,746
747,Ceciley,0 Lunder Circle,747
748,Jarid,56 Donald Junction,748
749,Gay,49 Orin Center,749
750,Rustin,9 Washington Crossing,750
751,Horatia,42448 Valley Edge Parkway,751
752,Dilly,3392 Mendota Street,752
753,Putnam,8708 Dapin Lane,753
754,Eda,6 Veith Lane,754
755,Tito,5 Oxford Hill,755
756,Blondell,3304 Jenna Court,756
757,Cacilie,1291 Bellgrove Point,757
758,Adore,769 Dwight Avenue,758
759,Margery,9604 Graceland Circle,759
760,Deena,666 Hudson Road,760
761,Yankee,519 Farwell Avenue,761
762,Lettie,45 Alpine Way,762
763,Zaccaria,8723 Cordelia Avenue,763
764,Irv,6 Stuart Lane,764
765,Bev,65085 Amoth Pass,765
766,Theodor,59364 Stang Trail,766
767,Jeniffer,8092 Myrtle Trail,767
768,Quintin,79553 Comanche Way,768
769,Arie,4 Washington Junction,769
770,Wallie,5 Forest Run Parkway,770
771,Talia,85 Stone Corner Drive,771
772,Richmond,7313 Columbus Trail,772
773,Meyer,1 Grayhawk Junction,773
774,Kissie,9162 Ridgeway Street,774
775,Kenon,13 Darwin Alley,775
776,Emmett,2 Old Gate Terrace,776
777,Hube,63337 Arrowood Road,777
778,Willdon,64 Ryan Circle,778
779,Christyna,99364 Hallows Junction,779
780,Ania,8842 American Ash Alley,780
781,Yves,053 Pine View Center,781
782,Annadiane,302 Troy Trail,782
783,Erika,5 Westport Alley,783
784,Marabel,2167 Drewry Park,784
785,Teresina,51 Hansons Alley,785
786,Martina,71720 Farwell Court,786
787,Bettine,6955 Fairfield Place,787
788,Yelena,52 Bartillon Drive,788
789,Salvador,673 Nelson Street,789
790,Liam,585 Lakeland Street,790
791,Ewart,15898 Sycamore Point,791
792,Peyter,8 Rutledge Lane,792
793,Morgana,077 Porter Way,793
794,Sande,4 Hagan Place,794
795,Jazmin,769 Myrtle Crossing,795
796,Erda,07749 Texas Trail,796
797,Freeland,4 American Ash Terrace,797
798,Homere,373 Hollow Ridge Trail,798
799,Tanney,0587 Shasta Place,799
800,Marlo,9807 Cordelia Pass,800
801,Jo,9395 Nobel Way,801
802,Theobald,382 Thierer Plaza,802
803,Drew,69723 Anderson Way,803
804,Hailee,44 Barnett Place,804
805,Ettie,6 Saint Paul Place,805
806,Fabe,19137 Elgar Point,806
807,Andy,804 Butternut Parkway,807
808,Lark,48 Pankratz Park,808
809,Morse,5 Farragut Trail,809
810,Rubetta,1 Washington Road,810
811,Charlotte,45 Morningstar Center,811
812,Patricio,7 Karstens Junction,812
813,Dilan,61 Fuller Alley,813
814,Estevan,0 Pawling Road,814
815,Corena,723 School Circle,815
816,Melosa,81958 Summit Way,816
817,Hermon,128 Montana Road,817
818,Jessica,2 Johnson Plaza,818
819,Dido,691 Bashford Pass,819
820,Redd,23345 Bluestem Circle,820
821,Flor,4 Hollow Ridge Place,821
822,Pryce,230 Daystar Trail,822
823,Roderic,82 Hollow Ridge Place,823
824,Raynard,919 West Terrace,824
825,Darryl,71 Karstens Drive,825
826,Bobbie,06 Lake View Plaza,826
827,Isabelita,75 East Avenue,827
828,Wilone,35255 Darwin Plaza,828
829,Adelbert,4 Schlimgen Terrace,829
830,Marcel,8 Green Terrace,830
831,Lorna,7 Pond Center,831
832,Tabbatha,56 Sauthoff Avenue,832
833,Erika,4 Northland Plaza,833
834,Sheryl,15 Green Way,834
835,Cristabel,093 Kim Crossing,835
836,Jaime,31 Marcy Pass,836
837,Rawley,17810 Spohn Way,837
838,Dare,39 Atwood Court,838
839,Lindie,3312 Heath Street,839
840,Devonna,06316 Prairieview Avenue,840
841,Fanni,5 Hovde Alley,841
842,Adrea,2350 Melody Way,842
843,Dacey,984 Vermont Place,843
844,Nissy,3644 Mockingbird Lane,844
845,Lindsay,310 Gateway Center,845
846,Kiah,47331 West Park,846
847,Rochette,8 Lunder Point,847
848,Lyndy,25 Mifflin Place,848
849,Kate,22568 Holy Cross Trail,849
850,Darsey,29 Del Mar Road,850
851,Suzann,323 Lighthouse Bay Way,851
852,Gloriane,5107 Leroy Alley,852
853,Alaster,613 Summerview Plaza,853
854,Puff,0786 Warner Pass,854
855,Elset,93989 Orin Parkway,855
856,Randolf,66 Tomscot Hill,856
857,Gerda,69 Cody Plaza,857
858,Jacky,62344 Eggendart Crossing,858
859,Kailey,43939 Sundown Street,859
860,Carmine,15 Redwing Parkway,860
861,Farica,521 Meadow Vale Place,861
862,Janek,12913 Service Pass,862
863,Alix,44 Pennsylvania Alley,863
864,Malina,28 Northridge Junction,864
865,Roddie,0093 Kropf Lane,865
866,Skyler,74971 Lakeland Street,866
867,Shellie,20020 Sauthoff Hill,867
868,Rory,4 Ronald Regan Street,868
869,Angeline,0382 Glendale Pass,869
870,Lucas,32 Oriole Parkway,870
871,Cynthia,33792 Swallow Hill,871
872,Ginelle,4 Hooker Center,872
873,Alick,34 Debs Street,873
874,Ladonna,5 Harper Crossing,874
875,Wye,953 Carey Plaza,875
876,Rodd,55649 Mandrake Park,876
877,De,1507 Ronald Regan Center,877
878,Araldo,10104 Nelson Lane,878
879,Denna,3749 Fisk Junction,879
880,Star,4 Independence Place,880
881,Carmelia,512 Longview Junction,881
882,Malva,12 Shopko Drive,882
883,Wandie,85664 Anderson Trail,883
884,Casar,303 Utah Junction,884
885,Kacey,445 Bashford Circle,885
886,Reeba,8 Corry Pass,886
887,Natale,19 Dawn Park,887
888,Kaycee,39281 Morrow Point,888
889,Brad,1 Pond Junction,889
890,Clarie,8364 Northridge Junction,890
891,Sonni,1028 Pawling Road,891
892,Berkly,4588 Monterey Drive,892
893,Ody,355 Dennis Trail,893
894,Crichton,1 Northridge Hill,894
895,Evvie,64308 Dennis Junction,895
896,Quentin,3967 Eagle Crest Hill,896
897,Gail,10803 Straubel Alley,897
898,Marnia,981 Valley Edge Pass,898
899,Frannie,1 Bunker Hill Lane,899
900,Enid,7 Lakewood Hill,900
901,Courtenay,1 Stang Parkway,901
902,Shae,0933 Dwight Terrace,902
903,Malanie,72405 Maple Wood Junction,903
904,Mayor,5 Oriole Hill,904
905,Sig,3469 Brickson Park Point,905
906,Marina,9421 Pawling Street,906
907,Joelly,99251 Fair Oaks Crossing,907
908,Kellsie,64696 Kropf Crossing,908
909,Selina,06 Spenser Way,909
910,Jayne,09 Thackeray Place,910
911,Stefa,677 North Plaza,911
912,Marina,0 Florence Road,912
913,Vivien,25 Mariners Cove Plaza,913
914,Sydel,2967 Loeprich Drive,914
915,Rutter,5981 Tomscot Way,915
916,Desiri,821 Buell Trail,916
917,Edvard,717 Aberg Point,917
918,Jamima,022 Clyde Gallagher Road,918
919,Trista,5 Golden Leaf Avenue,919
920,Malachi,1597 Morning Alley,920
921,Sauveur,8 Morrow Hill,921
922,Eberhard,673 Vahlen Trail,922
923,Lolita,55 Daystar Parkway,923
924,Arie,200 Loftsgordon Court,924
925,Lauryn,69 Butterfield Street,925
926,Jon,35 Cascade Street,926
927,Anne-corinne,88639 Crownhardt Circle,927
928,Arlie,4017 Bunker Hill Center,928
929,Lindsy,7 Superior Trail,929
930,Rosemarie,99 Alpine Circle,930
931,Mordecai,07097 Quincy Pass,931
932,Lukas,73 Reinke Lane,932
933,Chaim,246 Canary Way,933
934,Fairlie,6 Karstens Parkway,934
935,Delcine,8671 Mallory Circle,935
936,Erhard,98 Derek Park,936
937,Jaime,0 Carpenter Terrace,937
938,Ileane,1 Golden Leaf Parkway,938
939,Mallorie,711 Arrowood Avenue,939
940,Belle,7766 8th Place,940
941,Lockwood,7 Upham Way,941
942,Kalindi,5476 Hoard Point,942
943,Arline,05610 Luster Court,943
944,Rosemonde,46 Fallview Terrace,944
945,Borg,029 Moose Place,945
946,Griselda,501 American Ash Road,946
947,Jenn,20059 2nd Point,947
948,Carmen,2 Killdeer Junction,948
949,Federico,88 Linden Parkway,949
950,Reinaldo,227 Loftsgordon Point,950
951,Karon,6 Erie Street,951
952,Bennie,0 Myrtle Way,952
953,Zerk,68383 Havey Avenue,953
954,Oliviero,18099 Forest Run Point,954
955,Krystalle,2 Oneill Court,955
956,Ode,3694 Forest Dale Point,956
957,Donnajean,7 1st Road,957
958,Jarid,0 Utah Road,958
959,Lyndell,2 Nobel Pass,959
960,Daryle,303 Nelson Court,960
961,Madelle,150 Orin Junction,961
962,Horatius,5 Lunder Trail,962
963,Cal,709 Banding Alley,963
964,Cecil,1431 Kipling Lane,964
965,Dwain,77 Talmadge Parkway,965
966,Maxi,5732 Derek Avenue,966
967,Enrique,28240 Delladonna Point,967
968,Onida,894 Warner Road,968
969,Gay,0958 Morning Road,969
970,Hube,32378 Esch Park,970
971,Cleavland,08 Commercial Trail,971
972,Errol,4 Boyd Center,972
973,Wenona,4463 Rieder Point,973
974,Mervin,932 Lukken Avenue,974
975,Lyman,365 Esch Way,975
976,Hannis,5768 Buhler Way,976
977,Giff,6847 Glendale Crossing,977
978,Yancy,71101 Arrowood Lane,978
979,Filip,6596 Continental Crossing,979
980,Lorettalorna,62792 Anderson Street,980
981,Angie,83580 Goodland Trail,981
982,Moritz,918 Sachtjen Hill,982
983,Kelvin,425 School Avenue,983
984,Morganne,4 Pepper Wood Avenue,984
985,Goran,2199 Cordelia Terrace,985
986,Antonella,9 Kropf Circle,986
987,Edeline,437 Harper Terrace,987
988,Jamil,7720 Dryden Way,988
989,Christos,31 Hayes Pass,989
990,Verna,102 Derek Road,990
991,Naoma,1 Mccormick Terrace,991
992,Maiga,32472 Pond Point,992
993,Farris,55085 Northfield Way,993
994,Jess,2 Lillian Alley,994
995,Caldwell,78508 Mesta Avenue,995
996,Gareth,427 Quincy Circle,996
997,Malchy,52577 Gateway Point,997
998,Vitoria,10 Everett Place,998
999,Mufinella,8709 Judy Street,999
1000,Danell,93731 Darwin Street,1000
